,ID,EAR,MAR,CIR,MOE,State
0,45,0.3225497621346287,1.0318391410330754,0.6514525035053436,3.199007601817412,5
1,45,0.3190453440030052,0.9558753359687724,0.6797940550270218,2.996048536473137,5
2,45,0.2950348208584012,0.99668174047356,0.6017769912871679,3.3781834211084747,5
3,45,0.3099194662247004,0.9518313432446454,0.6073248065138727,3.071221549389674,5
4,45,0.3169942842928312,0.9669483145945036,0.6791269125707765,3.050365140657431,5
5,45,0.2998272929605762,0.9786305221261208,0.690932620419456,3.2639807819456887,5
6,45,0.296461521454106,0.9540746397256246,0.6373996044372602,3.218207324330017,5
7,45,0.3120826566502762,1.0212166096987352,0.6495132091950249,3.2722632544208428,5
8,45,0.2882441522413839,1.111911578767536,0.5864397567493458,3.857533865375313,5
9,45,0.3151718550116523,0.9905954023566064,0.627920253548206,3.143032560188418,5
10,45,0.3310653539164225,0.9990674539469894,0.6375342200812253,3.017734843372357,5
11,45,0.312415664454353,1.0190891068244714,0.62324463398929,3.2619654606767337,5
12,45,0.3055536338049535,1.079871593911463,0.6427519145789508,3.534147443982898,5
13,45,0.3762998305872592,1.1485974134132235,0.6871877817110874,3.052346347381302,5
14,45,0.3234047455384966,1.063452894454246,0.6560915302202734,3.2883033076200103,5
15,45,0.1699085247055867,0.9957290590104642,0.5099586689746624,5.860383172273663,5
16,45,0.3017304735077797,0.8672427525395008,0.6348727875071711,2.874229912734154,5
17,45,0.2961568506692998,0.9372359138860098,0.6358368097303922,3.164660590386152,5
18,45,0.2854317226070295,0.9403311319478586,0.626949386287183,3.294417044325754,5
19,45,0.3114205494515248,0.958530627481066,0.6164390958207033,3.077929921995302,5
20,45,0.3209971156693412,1.0525612775916566,0.6718889187499454,3.279036558932507,5
21,45,0.3192918854792197,1.052060778717914,0.6420932178895725,3.2949812587278697,5
22,45,0.3206544571562418,1.0311712259753336,0.6659866332066758,3.21583312803566,5
23,45,0.3361367825375208,1.079975304049729,0.6781129299226678,3.212904270389327,5
24,45,0.2978641946950929,0.9685769272187524,0.6286862812745673,3.2517400361269697,5
25,45,0.3684705071757682,0.9933972168019968,0.6942273999618274,2.6960019796866,5
26,45,0.2894494655927136,0.994920346105203,0.6328011411681304,3.437285137382711,5
27,45,0.31561048344096,0.996121408585064,0.6630195845227662,3.156173387286751,5
28,45,0.2925738069102399,1.016986870653681,0.6124150295132517,3.476001086336779,5
29,45,0.2939226642237353,1.037730815723249,0.562238486933959,3.530625372030934,5
30,45,0.3031008468026678,0.9919253336895968,0.6210522740033366,3.2725917599807444,5
31,45,0.2773172814411263,0.9907690332172456,0.6350901046208565,3.572691280069336,5
32,45,0.2900640435763651,0.9874247178709812,0.6120254773725807,3.404161045596891,5
33,45,0.2881449686109056,0.9536654896038202,0.6461424949871586,3.309672538102149,5
34,45,0.2931787174305945,0.979609623227008,0.62412216291826,3.341339479933141,5
35,45,0.3288752420089424,1.0367218738732742,0.6795137486569225,3.1523256890376827,5
36,45,0.2972496167114414,1.0219374348886086,0.6271423630201098,3.437977300676106,5
37,45,0.2779557743378064,0.9616667358576272,0.608737844050671,3.4597832628182434,5
38,45,0.2736209477416008,1.002788973497666,0.6558074777563697,3.664883780918225,5
39,45,0.2993422997193059,1.0122095026968567,0.6107567796096267,3.381444933262049,5
40,45,0.2937836279509492,0.9905211130872972,0.5930168428675795,3.371600793399817,5
41,45,0.3405117852029044,0.9989477637070844,0.6673019277161446,2.9336657558323,5
42,45,0.3349484859049965,0.9903581228921396,0.6622748962600621,2.956747573335922,5
43,45,0.3494521971142396,1.0002308491431622,0.6790515674466971,2.8622823304675804,5
44,45,0.3466638812689377,0.9652066781907032,0.6900528655449285,2.784272404317504,5
45,45,0.3516624427874826,1.0237961907658324,0.686365781256904,2.9113037566668303,5
46,45,0.3452314442357392,1.0352405521541368,0.6847101288004949,2.998685575834248,5
47,45,0.3389257878285044,1.0349449797506682,0.6705936692826476,3.0536035230058918,5
48,45,0.3345543386425995,1.073378455989174,0.6898628269283497,3.2083830098997805,5
49,45,0.3578328038450179,0.9905211130872972,0.6910879585011621,2.7681115382487538,5
50,45,0.1287841832433569,0.9647638212377322,0.3778575599185341,7.491322279962493,5
51,45,0.1139901881468883,1.0087324283382617,0.4075434382898892,8.849291721831392,5
52,45,0.2337979624299664,1.0363698427516157,0.5445397298950135,4.432758232707258,5
53,45,0.3367751546876552,1.206843579768368,0.6632424632839246,3.58352913797238,5
54,45,0.3262936356624138,0.9172481493413032,0.6963016079059824,2.811112596416977,5
55,45,0.3138882450999413,0.9920256938744634,0.6369013966515014,3.160442320987855,5
56,45,0.1095544061895281,1.090012701806924,0.3790524740687041,9.949510382277206,5
57,45,0.153459063237085,1.0824801037507643,0.444977397279064,7.053868835875775,5
58,45,0.34664983665252,1.121516546842776,0.7077641315928016,3.235300952894948,5
59,45,0.3167329823281028,1.0081179924951509,0.6330777413413887,3.182863954000358,5
60,45,0.3247231385058227,0.953948359365154,0.6893284479012073,2.9377283175896887,5
61,45,0.3014321471889679,1.0740927397926183,0.5950672983970933,3.563298572528396,5
62,45,0.3206935971572611,1.1507929111375008,0.6270051544487535,3.588449913994314,5
63,45,0.3662725077892759,1.2115518151114897,0.7073149757563688,3.307788024889163,5
64,45,0.3567121447200032,1.0622714839305634,0.7077693773484259,2.9779515490406983,5
65,45,0.3437596547649909,1.1922925286667825,0.6934276169159608,3.4683899408785632,5
66,45,0.3367910627874758,1.1895918687426774,0.637311302695123,3.532136093211422,5
67,45,0.3398170494111734,1.1327345662473414,0.6403122784358625,3.3333659044186152,5
68,45,0.3387709195319046,1.1824142456330022,0.6644008916665608,3.4903062142016155,5
69,45,0.3541804440991181,1.1501060535311516,0.6823528585455728,3.247231948270109,5
70,45,0.3492668940054267,1.0819667217275473,0.6652339177600693,3.097822153481103,5
71,45,0.3541262563061448,1.0089256833299265,0.6919381413525447,2.849056418052499,5
72,45,0.3605552522708933,1.0094356548518302,0.7223153346033162,2.799669810643663,5
73,45,0.3535146374555863,1.014527452730026,0.7328569265265616,2.869831529557205,5
74,45,0.3410345603989052,1.1037611112029753,0.6929272733760504,3.236508082676182,5
75,45,0.3648968054179483,1.1435437497937313,0.6853710212284599,3.133882601367064,5
76,45,0.3464547281123025,1.1543290899300984,0.6705328494919875,3.3318324048270034,5
77,45,0.3431196224216227,1.0913519141554169,0.7030664788094593,3.180674735105565,5
78,45,0.3361151346831412,1.1150103629431665,0.7059024252123218,3.3173464919819717,5
79,45,0.339334135230152,1.1488476336608464,0.6468831903191103,3.385594063154434,5
80,45,0.3340846382285389,1.090555062721542,0.6673197861603732,3.2643077170627657,5
81,45,0.3118984895401723,1.0566033650231164,0.6331708256681744,3.3876514329417,5
82,45,0.3286606416532677,1.0420665624266128,0.6841320512134983,3.170646041414287,5
83,45,0.3106437383974934,1.0185030307296572,0.6946433177732513,3.278685210214672,5
84,45,0.3237241649012101,1.0035923224946923,0.7080433919847058,3.1001464558599,5
85,45,0.329058184250386,1.0463352858484691,0.6813386889578397,3.179788061591851,5
86,45,0.3362598269376656,1.120843777487368,0.6771181865088878,3.333266978975592,5
87,45,0.3118984895401723,1.035367422878222,0.6615274833217514,3.3195653637330857,5
88,45,0.3212426237848797,1.026281851086641,0.6949296057490826,3.194725030554759,5
89,45,0.3214520906343168,1.0038523417130076,0.6620973055771837,3.122867671297829,5
90,45,0.3168814854267885,1.0083338145539704,0.6494790605707484,3.182053420369153,5
91,45,0.2987472918000933,1.0361943240547256,0.6213653357105404,3.468464325856031,5
92,45,0.3265876519864122,1.0565100699243046,0.669420177411301,3.234996986255503,5
93,45,0.3063000675216773,1.0545647751873497,0.6392936462107311,3.442913949448335,5
94,45,0.3201217743937316,1.0153381991038986,0.6164780781052901,3.1717248882142277,5
95,45,0.3126570267702663,1.0802974117490716,0.6611316695907702,3.455215521328586,5
96,45,0.3432835820895522,1.0634596266631111,0.7338142902398864,3.097904129844716,5
97,45,0.3286606416532677,1.0536022881217275,0.6841320512134983,3.205745241723416,5
98,45,0.3118984895401723,1.045698053581174,0.6615274833217514,3.3526871358781904,5
99,45,0.3164842474902076,1.030653856867488,0.6808004582463613,3.2565723730037384,5
100,45,0.3310659864116553,1.0444955353242835,0.6919381543874662,3.154946681914744,5
101,45,0.3210995950049559,1.0303742463460337,0.6605094091966051,3.208893011310495,5
102,45,0.3185431813639851,1.031339167031671,0.6579302842779359,3.2376745991407856,5
103,45,0.3273389203069929,1.0545647751873497,0.6665705315743589,3.2216296619978224,5
104,45,0.2941988943277992,1.0050436468609163,0.6382114387387335,3.416204704498608,5
105,45,0.2988470793523278,1.0175026639215905,0.6327302624479084,3.4047602744746883,5
106,45,0.2912312268246327,1.0330321747591658,0.607158521045236,3.5471202247869336,5
107,45,0.312875745247988,1.0980739845951633,0.6455762421537258,3.509616840783936,5
108,45,0.3276715468514568,1.1487281371542384,0.6846330888389691,3.5057305041959927,5
109,45,0.3104635480678836,1.0244361440487435,0.676046896094951,3.2996986294337782,5
110,45,0.3165184675527491,1.0319381113032728,0.6538076394652312,3.260277731286867,5
111,45,0.3085234254954235,1.0708860806504317,0.6567375918564237,3.471004118830894,5
112,45,0.2921989292314755,1.1059160275379585,0.5853982890496253,3.784805202560713,5
113,45,0.3014379950584612,1.0566815518282375,0.6683135459483629,3.5054690156869697,5
114,45,0.322733366258806,1.0696103917041446,0.6420195805786563,3.314223143715496,5
115,45,0.3281988895719688,1.0837092448678034,0.6473469001641059,3.3019893707780605,5
116,45,0.3508778596228905,1.0755679769447608,0.6520175572768963,3.065362910332212,5
117,45,0.3382053361079549,1.0042926732705488,0.648634809339273,2.9694761319495537,5
118,45,0.1249024580421098,1.1214145013396375,0.5722583558280393,8.97832211565894,5
119,45,0.2943574006320034,1.1264090463671128,0.6099078258142145,3.826671399966991,5
120,45,0.3006443351033124,1.114089083952964,0.6203460111231213,3.705671299511172,5
121,45,0.3009503625012855,1.09767926885901,0.6061501241126422,3.647376463466866,5
122,45,0.3421486095049386,1.1085966685309951,0.7079419594423813,3.2401028025074976,5
123,45,0.3220550378373032,1.0218513804129454,0.6878704905679793,3.1729091625921635,5
124,45,0.3226584295855557,1.0189890373046049,0.6564333579307007,3.1581044964901834,5
125,45,0.3325129939328485,1.206590224375533,0.6456143091519145,3.628700972266984,5
126,45,0.3268828088109035,1.1641246786098256,0.6635764169559435,3.56129061312384,5
127,45,0.3381738894342165,1.0829291713306732,0.6978439316901807,3.202284993505776,5
128,45,0.1228670175772529,1.080931807548754,0.4850470295903942,8.797575043840508,5
129,45,0.3453008977794054,1.0695462542205736,0.6617860390907191,3.097432590238588,5
130,45,0.2467533799065544,1.1206041436107006,0.5819669645217539,4.541393289263448,5
131,45,0.2193356061110646,1.0558316322021843,0.5917018170224931,4.813772150006253,5
132,45,0.3193489314505641,1.1651108605815956,0.6803983308772067,3.6483944232703887,5
133,45,0.3478488249538341,1.2311234077756146,0.6614239197775784,3.539248430518652,5
134,45,0.3359489086536407,1.232653220603488,0.6682035091296088,3.669168700513144,5
135,45,0.3275409172026978,1.196381916591054,0.6185040918503797,3.652618203577528,5
136,45,0.2912186399327356,1.114313206967675,0.6188515537046091,3.826380094437136,5
137,45,0.3379043912061856,1.1622582663390897,0.6371030830904277,3.4396068727911038,5
138,45,0.343980819221398,1.2593278904841645,0.6540335820127312,3.6610410235508417,5
139,45,0.351597586151787,1.3387857488302517,0.6687777932529448,3.8077216726177663,5
140,45,0.3162697143842065,1.4031683480438335,0.6447744105438737,4.436619392330609,5
141,45,0.3397734590961308,1.3331298067923971,0.6706932758800098,3.9235842915417942,5
142,45,0.3481271586609882,1.1453175485959102,0.6424874083523153,3.2899402419540578,5
143,45,0.3423316541794762,1.0323273021203456,0.6365457864502305,3.0155765308782145,5
144,45,0.3244330857605676,0.9078452547300933,0.6863931701909747,2.7982511481584376,5
145,45,0.227256013505435,0.8602662032646208,0.57771823387709,3.785449678514433,5
146,45,0.3171692347721297,0.8430702630857213,0.6590473081674734,2.658108576298156,5
147,45,0.3060363541736359,0.8782710833596811,0.6474215070322716,2.869825990873543,5
148,45,0.3320323186273626,0.8670634264516927,0.6725160628381598,2.61138262093333,5
149,45,0.3170546166053316,1.0215503927710656,0.6806084249895904,3.2220013186014818,5
150,45,0.330478111322539,0.9905604294604198,0.670912637738843,2.9973556357372653,5
151,45,0.3331760263925098,0.967850272635052,0.6632441840762452,2.904921710948199,5
152,45,0.3285925427152558,0.973450937149642,0.6725815860219971,2.9624863945655417,5
153,45,0.3289650069420359,0.964279168902234,0.7066648567522422,2.9312514965220644,5
154,45,0.3594972246392716,0.9822149318970768,0.6975215556244018,2.7321905833422093,5
155,45,0.3562069986012319,0.9729503359533924,0.7034201510277626,2.731418360037881,5
156,45,0.2879701881589354,1.0194204637229212,0.6568865153601963,3.540020827295798,5
157,45,0.3132965112566092,1.2082233869601198,0.6420197615023475,3.856485289651088,5
158,45,0.335146387337848,1.200069534618553,0.6465264207898823,3.580732420095609,5
159,45,0.2986676620681174,1.2191856163691002,0.6199155566249894,4.082081092833677,5
160,45,0.3808183614722236,0.9930779223477164,0.7365419965267922,2.60774695450222,5
161,45,0.3244311541404133,0.8834121329079737,0.6840845303457456,2.7229571563452084,5
162,45,0.1599401436970394,0.8163760203392613,0.3899501349652818,5.10425964031676,5
163,45,0.3259259282028415,0.9277701513124886,0.6209318286546347,2.8465674898226774,5
164,45,0.2154968107024701,0.8586093372722895,0.4622571072516345,3.984325032344655,5
165,45,0.2925353364585603,0.9759144785471132,0.6125763035355222,3.336056732022725,5
166,45,0.129074190864921,1.0815560611977142,0.4496277169635193,8.379336364227813,5
167,45,0.3063000675216773,1.0278814826128002,0.6747938933399413,3.355799072881548,5
168,45,0.3068579669347203,1.0012931203820097,0.652957446261034,3.2630507540155222,5
169,45,0.3193208073087719,0.9915838599593766,0.6752058610592663,3.1052904704720667,5
170,45,0.3308150056170605,0.9793589581310804,0.6321116194882409,2.960442971153343,5
171,45,0.3234504234428761,0.9897553276541052,0.6451612954410072,3.0599908236908027,5
172,45,0.3243627783849114,0.9442241274261102,0.6926036106375835,2.911012577113975,5
173,45,0.3161422875003373,1.0378097996877216,0.6674097383849463,3.282730089332368,5
174,45,0.3359529970218552,1.0877410917880976,0.6719632980190676,3.2377776100545854,5
175,45,0.3403883597711301,1.1871060626425338,0.6573327675438055,3.487504870732709,5
176,45,0.3610226594299323,1.102197370194885,0.7228436008391483,3.052986679382657,5
177,45,0.3581609068779721,1.096571902909948,0.7013998405983536,3.061673906481249,5
178,45,0.3480913337738632,1.0644075926454226,0.6862980562672184,3.0578399671877863,5
179,45,0.3208597859301964,1.0659895229503404,0.6695773714819491,3.322290825133968,5
180,45,0.3195283919123037,0.9531924275725354,0.6432237712563277,2.983122788769719,5
181,45,0.3227145830361931,1.0316700846389188,0.6406294621954056,3.1968499066037395,5
182,45,0.3312315915289957,0.9951843211476452,0.7052351150842829,3.004496994244366,5
183,45,0.3183817090758205,0.990865986611198,0.6255900430149127,3.1121950739174844,5
184,45,0.3126168708796078,0.9834675384841748,0.6504380619683475,3.145919590702188,5
185,45,0.3354091074646912,0.9606319801613648,0.6524892387456145,2.864060512317756,5
186,45,0.3444255774632037,0.9818962253410054,0.6868093978649059,2.8508226147807068,5
187,45,0.3585812730223333,0.9508414444163196,0.6954776244085152,2.651676247345742,5
188,45,0.3251315431583625,0.9496646721790072,0.6531997282911062,2.9208629312119743,5
189,45,0.3253770710861322,0.9615578332507382,0.6482704583718965,2.955210796018873,5
190,45,0.3466965149413213,0.9859759333341044,0.6707963378466415,2.843916482693752,5
191,45,0.3623455232617482,1.1091702661781568,0.6813412527825367,3.061084503524895,5
192,45,0.3191697905151484,1.0310120034681152,0.6868415530093896,3.230293198501133,5
193,45,0.3163816538581996,0.9677737941633012,0.6784181762985839,3.058880887565788,5
194,45,0.3050581566011269,0.965246003286542,0.654156141061069,3.164137664899848,5
195,45,0.3240273799542414,0.9856901252113536,0.6943792672216217,3.0419964058301217,5
196,45,0.3196290254957906,1.0095058399119476,0.6456475552250833,3.1583672300913808,5
197,45,0.3137880006213229,1.0339676646285774,0.6635931445096924,3.295115372739705,5
198,45,0.3207526481501724,1.0630145812734648,0.6857764241220933,3.3141256585223093,5
199,45,0.3030804552799607,1.1317741778593475,0.6272097761218588,3.73423676170048,5
200,45,0.3435696277130149,1.0466244829825968,0.6953760255041126,3.046324234040986,5
201,45,0.3191697905151484,1.0664639818424198,0.6769614444719145,3.3413688059923183,5
202,45,0.322663611075716,1.017977211200555,0.6359128496385754,3.1549179277042088,5
203,45,0.3286606416532677,1.0536318846696011,0.6841320512134983,3.2058352937227204,5
204,45,0.3388867016547369,1.0314307905198128,0.6471876793655551,3.043585910817624,5
205,45,0.3316875610792326,1.0706167190695246,0.6589897785728327,3.227786762898168,5
206,45,0.3046607024824949,1.0155025003173035,0.6373785822196605,3.3332244429379663,5
207,45,0.3143195459056539,1.0375292363854411,0.6324543782266685,3.3008740624003883,5
208,45,0.3190453440030052,1.0598052769393609,0.6455346361929268,3.3218014205823296,5
209,45,0.3263747434173366,1.0220152167842866,0.6518283132654002,3.131416377637506,5
210,45,0.3238284497459494,1.0262361817269223,0.6611839473771571,3.1690735713061278,5
211,45,0.3333449301453211,1.0574060507490268,0.7222989616312812,3.172107793234032,5
212,45,0.3384084974546659,1.1004613368874128,0.6560059192472858,3.2518726484840514,5
213,45,0.3191362765978496,1.0775911203889368,0.6312597543808396,3.3765861151122976,5
214,45,0.3360029030139153,1.069998254933234,0.670577590890205,3.184491102116819,5
215,45,0.3282120120606416,1.10160451759287,0.6851421703852357,3.356380866978548,5
216,45,0.3086900418198737,1.043732838585607,0.6623487888710266,3.381167829167111,5
217,45,0.3072737581740434,1.0601895846275695,0.6425136352236558,3.4503095575999883,5
218,45,0.3071115208312781,1.0341717695964516,0.6744605597996355,3.3674144388891496,5
219,45,0.3189716884794769,1.046810530197939,0.6819689428435044,3.2818289773240865,5
220,45,0.3283216414169452,1.1001942330458518,0.7125666462689989,3.350964707345268,5
221,45,0.3146102220792177,1.0577646466702118,0.6183039020268754,3.362143288541561,5
222,45,0.3262444120756715,1.043976839038797,0.6814490378585071,3.199983817030556,5
223,45,0.3264090174781732,1.0607942156190346,0.6862406040348579,3.249892493212046,5
224,45,0.307312828868776,1.0576445468028015,0.6489884347852116,3.4415893104625987,5
225,45,0.3407013871335596,1.075625899522277,0.6956914574776938,3.157092809547667,5
226,45,0.3236964378348914,1.048916781777439,0.6970343179702669,3.240433502430021,5
227,45,0.3312091500881464,1.063302518053051,0.6956815334804265,3.210365769695883,5
228,45,0.3117339014217996,1.0423371516488384,0.6707641446072525,3.3436759585492664,5
229,45,0.3163434966584209,1.0585593725462352,0.6560854222273123,3.3462340263920107,5
230,45,0.3046614839713603,0.9759578424432236,0.6454320920452628,3.203417214809367,5
231,45,0.3101873888735908,1.0359770304612512,0.6246354527121046,3.3398425197854773,5
232,45,0.3283814555812883,1.066668471979986,0.6635020357745672,3.2482603808787256,5
233,45,0.3449918789648882,1.098110338454643,0.6733323523950342,3.183003442716991,5
234,45,0.3329895134034332,1.054806345618467,0.6463369263100908,3.167686377980671,5
235,45,0.3454388563222396,1.0626164442753834,0.7290332210233558,3.076134675724293,5
236,45,0.3476800642435556,1.058340445172324,0.7133802127804408,3.044006700455909,5
237,45,0.3676350815305569,1.0547629047302418,0.7139517151523328,2.869048569410187,5
238,45,0.3404367295718148,1.0459867397742255,0.6993278996205302,3.0724849844780797,5
239,45,0.3510638295923231,1.0492067641088163,0.6820965598813077,2.988649572151081,5
240,45,0.3883033736941668,1.1098679325233387,0.706874622193683,2.8582495226979057,5
241,45,0.3234944337212754,0.980685644074442,0.6950898302794827,3.031537924140624,5
242,45,0.3766758817667422,1.0817447837504444,0.7043744055459014,2.8718185477569764,5
243,45,0.3183962103872953,1.0603416073720413,0.6173721985546574,3.3302582530183003,5
244,45,0.3047535120153864,1.0350715711903329,0.6753884758815015,3.396422126016628,5
245,45,0.117048459023829,1.1896348221954962,0.4822276706103588,10.163609432511254,5
246,45,0.2894181863635009,1.240527860703125,0.610281990702915,4.286281647639992,5
247,45,0.3468381023442278,1.0341717695964516,0.6611744938900245,2.981713262201115,5
248,45,0.3427551579545198,0.959394577952356,0.6900698562168605,2.7990667848087005,5
249,45,0.3401066030409299,1.0163054227587134,0.6413628792351087,2.988196682075022,5
250,45,0.345841497243738,1.0419557758804945,0.7241831766471394,3.0128130492858616,5
251,45,0.365176831790428,1.0621598966787442,0.7373852361976109,2.9086179741224907,5
252,45,0.3404564870481108,1.0532610085664322,0.6922179665182018,3.0936729028094363,5
253,45,0.3428353027783117,1.0370916571987792,0.6731182204812105,3.025043362787512,5
254,45,0.365170631691686,1.0455886477560872,0.6981699359523077,2.8632878906836043,5
255,45,0.152108863253851,1.049894430421613,0.4613724461294763,6.902256765074022,5
256,45,0.3608558298951907,1.102119274940584,0.7149263366265813,3.0541817081372646,5
257,45,0.3474891185551947,1.0886935340203887,0.6743016500620249,3.133029139292205,5
258,45,0.3360617070370583,1.058131924428372,0.7162653917206301,3.148623905286803,5
259,45,0.327774590259797,1.098044758382635,0.631924464639464,3.3499996369831937,5
260,45,0.350277986778619,1.093700395700557,0.6746595142237968,3.122378330876363,5
261,45,0.3501228577775104,1.0847494923942456,0.6815815659455352,3.098196728085552,5
262,45,0.3501228577775104,1.0719764713135669,0.6867553786923591,3.061715187972008,5
263,45,0.3356541063959382,1.072384610095274,0.6791969528688503,3.194909848146732,5
264,45,0.3353858802724073,1.0984290932765826,0.6720252838410056,3.2751202656009726,5
265,45,0.3333333333333333,1.027482558896323,0.6555773878268756,3.082447676688969,5
266,45,0.3333507843517559,1.038904194560678,0.6766924049226667,3.1165494227978576,5
267,45,0.3072814752157975,1.0357459093950356,0.6580057221942881,3.370674749161668,5
268,45,0.3145781239082338,1.013240599169332,0.6422727548323731,3.220950607057808,5
269,45,0.3086900418198737,1.01464002583304,0.6623487888710266,3.286921793301972,5
270,45,0.3132932842397033,1.0129498939266193,0.6819062166987635,3.233232070022934,5
271,45,0.3114633908848518,1.0255803862877866,0.6729265954056209,3.2927798781557094,5
272,45,0.3358160998066074,1.0535450337536831,0.6460980279942804,3.137267791390608,5
273,45,0.3352204166772018,1.0613781631210502,0.6561362516330579,3.166209784122716,5
274,45,0.3352240127657014,1.0796984768224538,0.6712533360496642,3.2208267776362693,5
275,45,0.3255126648195945,1.040013998039378,0.7115379004460174,3.195003176345762,5
276,45,0.3472430970860869,1.0365999747542574,0.6588936365303925,2.985228456527872,5
277,45,0.3502847252842162,1.0529590144397318,0.6858049692551756,3.006008936259996,5
278,45,0.3494299670483918,1.0500571828887435,0.6781763269010956,3.005057613571316,5
279,45,0.3654546691169119,1.0368585146693794,0.7051132597080288,2.8371740800982352,5
280,45,0.3379066088759401,1.0418019951608288,0.6824486555139834,3.083106301550079,5
281,45,0.3327746347075,1.0411515802417035,0.6677453393185735,3.128698739784803,5
282,45,0.3405941190234966,1.062477792898602,0.7119992032362182,3.119483671487894,5
283,45,0.3333333333333333,1.0586263057247416,0.7062778933756388,3.175878917174225,5
284,45,0.3478465973108695,1.0290717973226864,0.7021352817444672,2.958406968123963,5
285,45,0.2575538580797586,0.9925238671906108,0.5798960541751113,3.853655598834977,5
286,45,0.3287319902902711,0.9027439388980032,0.7311591221732425,2.746139607833354,5
287,45,0.3166755965185445,0.9111053510769208,0.6758989898752511,2.8770936601790416,5
288,45,0.3290989706523775,0.9025434837394336,0.6943905687099986,2.742468267069657,5
289,45,0.3227638874144732,0.9276497855489862,0.6885323630097511,2.8740817102557585,5
290,45,0.3331536405734722,0.8958891545420783,0.6696840916943207,2.689117108250549,5
291,45,0.3148528561744592,0.8489408419131522,0.6789603511568826,2.69630980080027,5
292,45,0.3103415977126034,0.8929504252304068,0.6601883464478422,2.877314648799796,5
293,45,0.3234991834223246,0.8650455737236414,0.6806887255481469,2.6740270704001565,5
294,45,0.3182313505127839,0.9114852138630716,0.6684480705941318,2.864221932862192,5
295,45,0.3175150756923874,0.9460077905378612,0.6288290788947637,2.9794106263299613,5
296,45,0.3329132406985819,0.9321990075539904,0.6613142456838562,2.800125959537905,5
297,45,0.3373872958031008,0.9214841007727038,0.6937102738510414,2.7312353257974533,5
298,45,0.3204937984159752,0.9481060918389124,0.6403673108320936,2.958266576529343,5
299,45,0.1405563856997454,0.9910445957612194,0.4482890343223189,7.050868523883893,5
0,46,0.3040027977262122,0.893630595962415,0.6174458540789909,2.9395472760327266,10
1,46,0.3080833541736328,0.9739988771506428,0.6244584462332645,3.1614784244451783,10
2,46,0.291826915205083,0.97004688216916,0.5948329740005699,3.324048713901026,10
3,46,0.3169310640000201,0.8967800275122751,0.6392216516471704,2.82957440710898,10
4,46,0.3153556077519476,0.9140854718827056,0.639638220377076,2.8985863875986846,10
5,46,0.2989924800092585,0.9086052323061666,0.6119178266142641,3.0388899154856035,10
6,46,0.2672031774061276,0.9095102376875208,0.5607496262045332,3.4038152035338167,10
7,46,0.2769407714328941,0.8318433439983313,0.5840433287974784,3.003686816117273,10
8,46,0.3184952859353218,0.9634336144974832,0.6141060331580106,3.0249540795185634,10
9,46,0.3183191270247575,0.9344688220730908,0.6178303901946868,2.935635162132157,10
10,46,0.3026785796945861,0.9201274601871816,0.5866730413441423,3.039949047982266,10
11,46,0.3128476977862379,0.9219668068258308,0.6257023920489717,2.947014836132152,10
12,46,0.2989714677543095,0.9445241138877704,0.595811557210654,3.1592449974656667,10
13,46,0.305647617951982,0.9219668068258308,0.612796288478917,3.016437075490881,10
14,46,0.2995632584098077,0.9245631004808208,0.5880875949444879,3.08637015563505,10
15,46,0.2994149650016984,0.8999647193516527,0.5804308183572953,3.005743949192879,10
16,46,0.296043395484434,0.9233676871917096,0.5760843197413165,3.1190281603166534,10
17,46,0.3043100462573278,0.9229522852397825,0.6311304719562026,3.032933998042654,10
18,46,0.2202913556797212,0.9551324155878864,0.507706137268442,4.335768930382094,10
19,46,0.3121121408609308,0.9336008831289246,0.6532569105711228,2.991235395565446,10
20,46,0.3208014033245744,0.9343583695575828,0.6524334500840039,2.912575692857039,10
21,46,0.3342501478079144,0.9618801956637776,0.6515619475899528,2.8777255656339964,10
22,46,0.2971013791607945,0.9233265273663666,0.6074505887395094,3.107782703582308,10
23,46,0.3102404154158443,0.9529422010640872,0.6192725583912746,3.071624951851517,10
24,46,0.2835793884835676,0.9448387727614748,0.6150474627228094,3.331831617995836,10
25,46,0.3018168493839422,0.9271398400656538,0.6324428475855766,3.0718624290131533,10
26,46,0.3128683359042961,0.9433593797222124,0.6148805022786015,3.015196079192809,10
27,46,0.3039674910927311,0.946812089831884,0.6452338365971406,3.114846546346764,10
28,46,0.2947326492504712,0.954916749642424,0.6012753293405216,3.239942205489802,10
29,46,0.2914491488185594,0.9278162058712892,0.5928801282962163,3.183458279539865,10
30,46,0.2920798357824908,0.9369771451151768,0.6197655971310895,3.2079487534803164,10
31,46,0.3039660472255026,0.9136615169680384,0.6403070041139534,3.0058012245368397,10
32,46,0.3041594030371915,0.931104816035516,0.6351407351070386,3.06123962217819,10
33,46,0.306818537994766,0.9297060354234769,0.613168057471673,3.030149486728004,10
34,46,0.2689044039156099,0.9443556657072272,0.5896501822370734,3.5118638890108835,10
35,46,0.3079716771647895,0.961248863221213,0.6461824440217345,3.12122488688097,10
36,46,0.2935134179097312,0.9462980581941924,0.5844089845588134,3.2240367916850143,10
37,46,0.2921202255685435,0.9004548604871214,0.6195133295607631,3.0824803682613795,10
38,46,0.3073834306982264,0.9132682409636164,0.6119795158473266,2.971104326895932,10
39,46,0.3304084308389348,0.9938784544833468,0.6345028346130126,3.008029946329777,10
40,46,0.3248878726820755,0.9653217877195944,0.6421596969992984,2.9712459863475,10
41,46,0.3335413158627677,0.9258315312733176,0.630283519763729,2.7757626634004224,10
42,46,0.319264837068191,0.9515071825523258,0.6235061877978402,2.9803068552428646,10
43,46,0.2993532073774239,0.9412199881626386,0.6045161404650355,3.144178732569752,10
44,46,0.3125831579843919,0.9082904458559424,0.5998092384024777,2.9057561888900483,10
45,46,0.3245765331171215,1.0297922542551683,0.6335078077774793,3.172725533683528,10
46,46,0.3017845095683993,1.0232679439960417,0.6016408161747346,3.3907238826123995,10
47,46,0.3038048551720773,1.0143534274932906,0.6320834135987486,3.338832181989829,10
48,46,0.292266051826771,0.9958015675273784,0.5753239281654661,3.407174939762075,10
49,46,0.3060873318952417,0.9791041290218956,0.6090578811590334,3.1987737713921254,10
50,46,0.3025286608651418,1.0356152853368017,0.6026615996218297,3.423197267905957,10
51,46,0.3085477770895913,0.9990277888003758,0.6089489342696752,3.237838231160854,10
52,46,0.2788522981839946,0.9907294942092686,0.558378126721957,3.552882657454582,10
53,46,0.2281994478141765,1.010226482306642,0.5265787140639098,4.426945340942597,10
54,46,0.2541384603699079,0.9784324617938556,0.5293352105250142,3.849997597253525,10
55,46,0.2832532387964845,0.99633945404782,0.5834129291264166,3.517486537068982,10
56,46,0.2744554858790063,0.985471382716843,0.5629714275814677,3.590641956237988,10
57,46,0.2863131255219092,0.9879271228182775,0.5850051125462977,3.450512864254557,10
58,46,0.2777621784799582,0.9649206119378706,0.5817810849505843,3.4739092889404803,10
59,46,0.292280840261775,0.985513297080486,0.5954268037977987,3.371802599848257,10
60,46,0.288747708586023,0.9775069254507944,0.607308490006342,3.385332234280148,10
61,46,0.305464264505474,1.0106064689205514,0.6349879130183758,3.3084278141557903,10
62,46,0.2746408247448482,1.0187699886677812,0.5457644219379186,3.709463040006005,10
63,46,0.2439068480672493,1.028022707433498,0.5348382174105519,4.214816908912924,10
64,46,0.243838172413815,0.995275970485444,0.5348944268278066,4.0817069806296455,10
65,46,0.2811495221199577,0.9726355908537048,0.5962844833764698,3.459495799671718,10
66,46,0.2807538079166085,0.9949893840977704,0.5529438672745491,3.543992480391608,10
67,46,0.1622842456720776,1.014286716140466,0.4281666102486539,6.250062733692594,10
68,46,0.2840740577679104,1.0016829877268485,0.5701246619597136,3.526133275236372,10
69,46,0.3031677732762204,0.9893271742919534,0.5965704276648278,3.26329927353645,10
70,46,0.2972327308155822,1.0022869094441909,0.6103000354802406,3.372061033433289,10
71,46,0.2923060461358113,0.9874752773219052,0.6167865121908684,3.3782239210443987,10
72,46,0.304075109255456,0.9975969297556244,0.6333225872117223,3.2807582711991565,10
73,46,0.3080833541736328,1.016642390669478,0.6418571653032896,3.2998939309668387,10
74,46,0.2925543594011507,0.9999621806629594,0.5689573482576221,3.418038899539386,10
75,46,0.2936936661753835,0.9865735851139944,0.615303072364194,3.359192583080248,10
76,46,0.3200717721583646,0.960075414278154,0.6657678732254421,2.999562903670023,10
77,46,0.2863801226702605,0.9565039560036526,0.5999975672574076,3.3399802580047635,10
78,46,0.3037833293382618,0.9551071559483644,0.6381887957836344,3.1440407149032708,10
79,46,0.2837439731686269,0.9573297439377352,0.5941370071928489,3.3739209797023646,10
80,46,0.2837645664098028,0.946651128709224,0.5927010363571756,3.336044174529189,10
81,46,0.2081956723007881,0.9641481867648266,0.4588065766568698,4.63097131707851,10
82,46,0.2665583606514163,0.9498835034640598,0.5456245666640578,3.5635104490541245,10
83,46,0.2720747268876569,0.9730060638820088,0.55765373937236,3.5762456697559246,10
84,46,0.2597071637805561,0.962290163355402,0.5500402976519927,3.705289254818188,10
85,46,0.2684329023731143,0.9768596040912562,0.5804594503804137,3.639120225036528,10
86,46,0.2718646596614079,0.9789513422215476,0.5726735861113672,3.6008775228114467,10
87,46,0.2723051702464182,0.9661979411789602,0.568265863090814,3.5482173926577105,10
88,46,0.1411309620817475,0.9450927001010444,0.4451296963314392,6.6965652763963766,10
89,46,0.3183191270247575,0.9700357199143792,0.6253279934662616,3.0473686233718964,10
90,46,0.3472321009347469,0.9625614859603644,0.6873793668978504,2.772098211453245,10
91,46,0.3183191270247575,0.9703259300662634,0.6536670342147619,3.048280318985656,10
92,46,0.3177768953341152,0.9652504631579794,0.6511437093837589,3.037509892413988,10
93,46,0.3004862532603773,0.978111285775148,0.642064294590195,3.2550949508082656,10
94,46,0.1876494710648326,0.9616801997793696,0.4722092449368202,5.124875622202582,10
95,46,0.2270623615487171,0.9491204774164452,0.5085261643045182,4.179999146238104,10
96,46,0.2933268298095612,0.9796723648809056,0.5879159075370377,3.3398662015232143,10
97,46,0.2784071951516027,0.9253377761660871,0.5647030967200097,3.323684848238953,10
98,46,0.3025761830851812,0.9286659152599523,0.6191410321493501,3.0691970061586584,10
99,46,0.2910690923299406,0.9560828724052411,0.6041781223688463,3.2847282573083225,10
100,46,0.3139986793495666,0.9666272451399928,0.595162067702107,3.078443664611313,10
101,46,0.2874290343636611,0.9912990530084308,0.5661262559606304,3.448848009398448,10
102,46,0.2849148208065054,0.972899306336048,0.5605228991114449,3.4147023436059665,10
103,46,0.2723108553042712,0.9978433310795892,0.5481890037289021,3.664353850178436,10
104,46,0.2964183014685985,0.962208937507784,0.5946351161273775,3.246118518123001,10
105,46,0.3073397574090506,0.9954728043627172,0.5928219870216022,3.2389978203757197,10
106,46,0.2930426093139258,0.9763256304721756,0.5948464089518595,3.331684879403574,10
107,46,0.2664974492683645,0.9851820489979528,0.5734746801924592,3.696778530911448,10
108,46,0.301957454353095,0.9959947732426144,0.6042348488804815,3.2984606237869007,10
109,46,0.2887190376595247,0.9876184263481644,0.5676758432077083,3.4206903512640032,10
110,46,0.2764909324753605,1.0091571219332558,0.5368184623460207,3.6498742034630256,10
111,46,0.2393653053751272,1.014646334288988,0.4841675316495001,4.238903097083599,10
112,46,0.2387375708443626,0.9727411590902908,0.5106158792831813,4.074520636403888,10
113,46,0.2609829529451147,0.9828201382090268,0.5162192760073658,3.765840362821383,10
114,46,0.1524130376955865,0.9895969589473338,0.3996923355678986,6.492862906675009,10
115,46,0.2357920004560282,0.9916684864285944,0.5166089057298596,4.20569181528924,10
116,46,0.1600173001027699,0.9872916078829116,0.4007853513554569,6.169905424281192,10
117,46,0.2912167414315273,0.9875609408943634,0.5611433921257222,3.3911544234710997,10
118,46,0.2739307426164148,1.0108374454369569,0.5335442013109281,3.690120487324901,10
119,46,0.2793787939649775,1.002383514175413,0.5468127818357912,3.5879012145104694,10
120,46,0.2722844208144343,0.9879573304592824,0.5759885537300917,3.628401975787624,10
121,46,0.2418157310953748,0.984863991394276,0.5116375477507566,4.072787105011934,10
122,46,0.1798853482137194,0.9964077299089972,0.4503045622826159,5.539126670423309,10
123,46,0.2854932664668554,0.9644685863948242,0.5709999386882385,3.3782533589344568,10
124,46,0.2291768260843388,1.0053386439684413,0.4838786875574078,4.386737791710533,10
125,46,0.2321130722686739,0.978456462588054,0.4904198570159165,4.215430234172584,10
126,46,0.2550282042991214,0.9621495860877528,0.5518761069193142,3.772718349846717,10
127,46,0.2519431529277693,1.0108661933748502,0.5177695497771386,4.0122788876293045,10
128,46,0.2547078558727311,0.9610825408975766,0.546103399195557,3.77327404215517,10
129,46,0.2574987418753045,0.9676876160843544,0.5381257016634976,3.7580285209819135,10
130,46,0.2636568725038278,0.9567320413554125,0.5433340384841517,3.628701320279532,10
131,46,0.2510197111040438,0.9735920531876218,0.5380707445864655,3.878548218008597,10
132,46,0.2486075425824012,0.9623878092487924,0.5124394184899418,3.871112675231114,10
133,46,0.1932709912812528,0.966163512803052,0.4504411632240623,4.999009455056123,10
134,46,0.2603530323369939,0.9351107169050704,0.5536404950932519,3.5917028064212766,10
135,46,0.2568220679960831,0.9584845884298157,0.5380023366260555,3.732095905576284,10
136,46,0.2419307348172225,0.948453665940326,0.5191407279631003,3.920352106799816,10
137,46,0.2725381014514671,0.9553472366554736,0.5653933916614386,3.5053712914544515,10
138,46,0.2828661550604917,0.9756950303844572,0.5712627296854073,3.449316975287489,10
139,46,0.2250133035446672,0.9378116047930029,0.4858553608617205,4.1678051476047004,10
140,46,0.1432770745542203,0.91957375021666,0.410244632118793,6.418149959285115,10
141,46,0.2550847896588185,0.9449459959259348,0.5508390088521966,3.704438814990972,10
142,46,0.2399740582607467,0.924003995007228,0.5307824997920015,3.850432841383381,10
143,46,0.2733384518957091,0.960681546725733,0.5594440158531149,3.51462276918242,10
144,46,0.284935288814638,0.966406392991863,0.6047527488563653,3.3916697261761413,10
145,46,0.2788522981839946,0.9852565693776646,0.5636709200100778,3.5332560491488736,10
146,46,0.2854117683087958,0.9990277888003758,0.5845930253809413,3.500303420283276,10
147,46,0.2946053154032311,0.9932687497471762,0.6098658875070052,3.371523519145176,10
148,46,0.2822712714786651,0.9959835121782354,0.5703120848455093,3.528462202195857,10
149,46,0.2507600078692253,0.9716439628195828,0.5523970271110021,3.874796348412575,10
150,46,0.2569197720136738,0.9892746174754338,0.5677472249313905,3.850519598868329,10
151,46,0.2733056058104053,0.9898179760501226,0.5608933760655055,3.621652666490744,10
152,46,0.3324241866643369,0.9646002265677246,0.6313120767848818,2.9017149331005907,10
153,46,0.3682826563510097,1.001260393661598,0.718794382510932,2.7187280649656715,10
154,46,0.3203900679323481,0.9812790556804266,0.6330944218877391,3.062763655606292,10
155,46,0.3089899487845345,0.9669275979057774,0.6190288685196992,3.129317318279622,10
156,46,0.3023941853424903,0.9576340137846584,0.6068971785712217,3.1668400392687657,10
157,46,0.1764375090559707,0.9699614153912208,0.4559256031150642,5.497478515656911,10
158,46,0.3813027634916656,0.9689288801900116,0.7514963934036661,2.5411011221564097,10
159,46,0.2816818343861199,0.9652726114741126,0.6041199245214839,3.426818820524115,10
160,46,0.2764941314867706,0.95706875976087,0.5928455674318802,3.4614433030259915,10
161,46,0.2885690704276789,0.9548490545061852,0.5766805970420337,3.3089099018513464,10
162,46,0.2821611426182139,0.95277349833188,0.5976546947737407,3.376699886777312,10
163,46,0.2826815501557715,0.9548490545061852,0.5929821059985801,3.377825875017369,10
164,46,0.2785341309276997,0.9540557068626128,0.6104457394318236,3.4252739643970638,10
165,46,0.2734947086270997,0.9652726114741126,0.5672823086493269,3.529401414453789,10
166,46,0.275940073228059,0.95277349833188,0.5798951169081766,3.452827591099577,10
167,46,0.2675807192912507,0.9672000810304564,0.5432927325136587,3.614610513015695,10
168,46,0.2773502326748365,0.971637528917338,0.5810921257751052,3.5032872319832493,10
169,46,0.284078520243567,0.9507019580169888,0.5950648869102073,3.346616833972041,10
170,46,0.2702787775504713,0.9456918761460528,0.5736244037098512,3.498949805518697,10
171,46,0.2409388217557681,0.9548490545061852,0.5530298016341851,3.9630352948022822,10
172,46,0.2488794195783494,0.9451096724281086,0.546946807931423,3.7974601275963673,10
173,46,0.2610823182458576,0.9662422614701304,0.5528047980218691,3.7009103793855287,10
174,46,0.2704263384118213,0.9725093426768868,0.5757557632965467,3.596207929997897,10
175,46,0.2846752322145353,0.9610422389728632,0.6000210414561996,3.375925019878822,10
176,46,0.2801419110249195,0.9631065955216638,0.5623580910736122,3.437923986446971,10
177,46,0.251229762539352,0.9548490545061852,0.5284487885587447,3.800700382211363,10
178,46,0.2543831337539208,0.9496646601385322,0.5632676917972926,3.733206074335087,10
179,46,0.244754588919146,0.9508324832973468,0.53871713110733,3.884840269987549,10
180,46,0.1698651075201732,0.9727761475034216,0.4446696166507115,5.726756728940901,10
181,46,0.2668332812825266,0.9557935213362484,0.5683112441862584,3.5819876618923017,10
182,46,0.2544068498329194,0.969415831781432,0.5408757909249242,3.810494223791897,10
183,46,0.2698265995093116,0.9809398200660728,0.559204068786977,3.635445215000833,10
184,46,0.2439268921851339,0.9991610736778328,0.5381691404241966,4.096149730467179,10
185,46,0.3233652665873208,0.9592127728428378,0.654758705081169,2.9663444777666443,10
186,46,0.2711644466484654,0.9806941039130762,0.5508352218594024,3.6166028254597737,10
187,46,0.2448192255567924,0.9764230957201238,0.5195197265904744,3.9883432091554254,10
188,46,0.2043541260956919,0.9829707153750852,0.4684494794362009,4.810133928564741,10
189,46,0.2217126614982901,0.96783413785343,0.5225113937043371,4.365263270545755,10
190,46,0.1765345631531359,0.9658077637337258,0.4391042875443635,5.470927315779688,10
191,46,0.2722844208144343,0.9634493003346668,0.5695952926417823,3.5383930430278685,10
192,46,0.2521275835372376,0.9593497064450988,0.4986332671920623,3.8050168608521537,10
193,46,0.2222269040838713,0.93946851062599,0.4689454700813256,4.227519230846244,10
194,46,0.2247252739951688,0.9553803838536506,0.5058057723608911,4.251325927292848,10
195,46,0.231657222138428,0.9638464608017192,0.4954811725928667,4.160657940660997,10
196,46,0.275940073228059,0.9801357752810196,0.5724906456993024,3.551987805957262,10
197,46,0.2739307426164148,0.9555878246687092,0.5403253060471445,3.488428555121389,10
198,46,0.2543457359633186,0.9934483155284648,0.5274373358160163,3.9058972691869247,10
199,46,0.257179894658212,0.9573500910000002,0.5352375139717984,3.7224919633484688,10
200,46,0.2544068498329194,0.9654983817438224,0.5291862048572895,3.7950958568053856,10
201,46,0.2542693539737529,0.9532705975822212,0.5227801812612913,3.749058164833434,10
202,46,0.2321702829023164,0.945945883368896,0.501479161547387,4.0743624530401,10
203,46,0.2425827628614422,0.9529415965185491,0.4939990271315638,3.928315372773817,10
204,46,0.251229762539352,0.9679425353180076,0.5296138631251904,3.85281793659456,10
205,46,0.232189362516344,0.9536499357565952,0.4989043359963862,4.107207692124427,10
206,46,0.2194518303669703,0.9557935213362484,0.4675666177026077,4.355368190540755,10
207,46,0.2418157310953748,0.9705377353862936,0.5002662070406287,4.013542588771871,10
208,46,0.2418157310953748,0.9534046802117856,0.5201190542024806,3.9426908906755616,10
209,46,0.2418157310953748,0.97051403126252,0.5161894783931973,4.013444563206429,10
210,46,0.2512916850056925,0.9566947508250276,0.5252897013709902,3.807108662602009,10
211,46,0.2602323642760252,0.9651460248662213,0.5581452909637428,3.708785521552204,10
212,46,0.2607055342664514,0.9561611100361774,0.537303697071728,3.667590382101144,10
213,46,0.2481112904641471,0.9541156290845288,0.5231347574099708,3.845514757912242,10
214,46,0.2292318924003193,0.9668685587862308,0.5103641106784581,4.217862308171932,10
215,46,0.1902339379840746,0.9544198775176684,0.443546049280768,5.017085214298446,10
216,46,0.2544068498329194,0.962236662727576,0.533639949953095,3.7822749794650594,10
217,46,0.2480956134024636,0.9618887191545524,0.5280008076810464,3.877088780260557,10
218,46,0.2449529917518402,0.9794421935343725,0.5089719814196858,3.998490430876781,10
219,46,0.2450103869160797,0.9599197342758662,0.527353526622946,3.9178736312295817,10
220,46,0.2444614229424586,0.95300475521701,0.5415379921829538,3.8983850447492823,10
221,46,0.2445187029267513,0.9517999143323544,0.5331856887635346,3.892544426826433,10
222,46,0.2355238117478471,0.9581222704515538,0.5102331049621219,4.068048420842153,10
223,46,0.2408392100055752,0.9590475340138076,0.5311724197979629,3.982107124465349,10
224,46,0.2470114648050859,0.970265832229092,0.5840332636513352,3.928019426121448,10
225,46,0.2321130722686739,0.96670969528677,0.5229949355263926,4.164822281822158,10
226,46,0.237525986972823,0.9558910775514052,0.5491394997558507,4.024364195824918,10
227,46,0.2481112904641471,0.9418023240097096,0.5231347574099708,3.7958866049499775,10
228,46,0.234998449411992,0.9618887191545524,0.5068525913817552,4.0931704935133375,10
229,46,0.2507600078692253,0.9393489041783984,0.5385362189275317,3.746007635588692,10
230,46,0.2669049092684121,1.017479047839169,0.5856125727671483,3.8121406257685,10
231,46,0.261632969726522,1.0786889123001984,0.5292213158644374,4.1229089492342,10
232,46,0.2601993809114103,1.1202286940965562,0.5119302799249971,4.305270405228053,10
233,46,0.2203257152750992,1.195782799921853,0.4887097539971917,5.427341054714362,10
234,46,0.2500864304260626,1.0164976285590424,0.550409824146328,4.064585298879568,10
235,46,0.225015319045044,1.0093067965904152,0.4868382857389415,4.485502590996349,10
236,46,0.2258020401659825,0.9700511362699332,0.4977078320764191,4.296024675228213,10
237,46,0.2387935096675252,0.9601075524181624,0.5274808303855887,4.020660166831713,10
238,46,0.2320221413533184,0.9500738848957366,0.5341572286217898,4.094755264968374,10
239,46,0.3265223328873294,0.9643057146213956,0.6252324274427555,2.953261132536809,10
240,46,0.3546000748769172,0.9654331902843768,0.6691075515510567,2.7225972544407435,10
241,46,0.3507172560673578,0.9362601080275992,0.7060178044033519,2.669558146428312,10
242,46,0.3002104031797487,0.978417342324856,0.5949573978777496,3.2591053872941105,10
243,46,0.301053400594008,0.923304078543975,0.6013818708885958,3.066911307835105,10
244,46,0.291456971082671,0.9555878246687092,0.5786649135021309,3.278658325168895,10
245,46,0.3134864049668642,0.9660218541919856,0.6129572444019125,3.0815430554128658,10
246,46,0.3606479539718328,0.9743742781607674,0.6750785818424944,2.701732444146536,10
247,46,0.3686108316017337,0.9688639316269664,0.6787289115403733,2.6284195920584805,10
248,46,0.3416363185673962,0.9603148439570156,0.6537887325636113,2.8109272690443468,10
249,46,0.3334342506625453,0.9698858982933802,0.6322273062265827,2.9087770568445914,10
250,46,0.3085434312842233,0.9560882505175408,0.6090565903529819,3.098715297674945,10
251,46,0.2955583019158218,0.9477709300383388,0.5908495124845555,3.2067139508342217,10
252,46,0.2140069900676714,0.9373369196501656,0.4737847436112131,4.379935998136178,10
253,46,0.2895735965698943,0.9549657631084856,0.5751618478780294,3.297834382762814,10
254,46,0.2744383536321418,0.9534698294230484,0.5286407533876784,3.474258669766991,10
255,46,0.2638739654334759,0.960193772638354,0.5543913047347223,3.638834816693669,10
256,46,0.2647768939404106,0.9508324832973468,0.528148673560213,3.591070463691353,10
257,46,0.2552952060917807,0.9559126611953584,0.5276927617578964,3.744342386326282,10
258,46,0.2574987312323044,0.9640884715506476,0.5447375519367096,3.744051347114748,10
259,46,0.2487746150006705,0.9734055206167302,0.5009764528037177,3.912800832247722,10
260,46,0.2672957392209986,0.969245267002692,0.5630589269204678,3.626115664347816,10
261,46,0.2546424522122038,0.9735650765255228,0.525716330222264,3.823263042229155,10
262,46,0.2589385647752548,0.9506366858445504,0.5094901080198829,3.67128274874642,10
263,46,0.281358018846181,0.9657393975547436,0.5646474677006168,3.432421800221429,10
264,46,0.257084384611223,1.0109175346952204,0.5381973831213118,3.932240132841926,10
265,46,0.1837403205360155,0.996059421500224,0.4889215395371168,5.421017110422333,10
266,46,0.1894348825490314,0.958413451555876,0.4484525321947017,5.059329299121082,10
267,46,0.2820071785424927,0.933083943515076,0.5894067785633049,3.308724084037738,10
268,46,0.2507600078692253,0.9625665011186008,0.5247868049712044,3.838596550134869,10
269,46,0.2733056058104053,0.9745228414793704,0.5436762261358467,3.56568918002877,10
270,46,0.2665534505835064,0.9457190542464996,0.567864487328806,3.547952773360264,10
271,46,0.247203191444626,1.0090609900460197,0.5371857282656812,4.081909234865405,10
272,46,0.2632220562760658,0.958937336885087,0.537054652316654,3.643073648354752,10
273,46,0.2664974492683645,0.9802599224959508,0.5382710606519621,3.678308836302681,10
274,46,0.2444312228524567,0.9666339221697088,0.5113043924342573,3.9546253988721696,10
275,46,0.2507012658215207,0.9365227638301346,0.5438300966094529,3.735612426053182,10
276,46,0.2941322584691856,0.9590335359425194,0.5759887831957073,3.260552041907335,10
277,46,0.2825278012107362,0.9427084182031096,0.5536829078458089,3.336692580918604,10
278,46,0.2783689122739893,0.9433723751398828,0.5737413657550495,3.388928625087821,10
279,46,0.2678213519557608,0.963675889559335,0.5318596567425034,3.598204110770513,10
280,46,0.2449529917518402,0.9766761518001696,0.5011214774587404,3.9871982979886673,10
281,46,0.2609829529451147,0.968405904662225,0.5224226919908442,3.710609807016333,10
282,46,0.2353064966766442,0.9656149126306356,0.5172071440711971,4.103647482192445,10
283,46,0.2602547661499744,0.9766975274123768,0.5543139888413482,3.752851645566195,10
284,46,0.2703601530406583,0.9543423027243584,0.5602507774224694,3.529892596934722,10
285,46,0.2607055342664514,0.9647349211788336,0.554021255462057,3.7004773369821766,10
286,46,0.2353730282421565,0.9552035914214811,0.5070823809873068,4.058254246696221,10
287,46,0.2488346506162858,0.9634971871556064,0.5115312481763682,3.8720378563408433,10
288,46,0.2361978191121752,0.9451225872768269,0.495463533495624,4.001402683688492,10
289,46,0.2449154265175252,0.9619982396173185,0.5138863954461573,3.927879322654596,10
290,46,0.2576679434938599,0.9540331085495656,0.5265411643293509,3.7025681022377537,10
291,46,0.2503081604988151,0.9647130547996786,0.5599340789199617,3.854101491845869,10
292,46,0.2571253326208148,0.9258985701013044,0.5679633715216439,3.600962070379647,10
293,46,0.205511566848349,0.9559678081504168,0.4786807826549709,4.651649650726685,10
294,46,0.2382789831477715,0.9586288459063098,0.4988121797057645,4.023136380902738,10
295,46,0.251229762539352,0.9528629714103728,0.5284487885587447,3.792794937109088,10
296,46,0.2603928501085185,0.9353987221237208,0.5755747108731616,3.592259625154432,10
297,46,0.2854932664668554,0.9700511362699332,0.5709999386882385,3.397807409873017,10
298,46,0.2426659967116995,1.023460217654122,0.5331716795214473,4.217567485856078,10
299,46,0.2619839069260321,1.0902889712579136,0.5440256489857955,4.161663913065252,10
0,47,0.1999506355663219,0.9292292048741544,0.5156141849281125,4.647293079325755,0
1,47,0.1080989974903882,0.8334764479094813,0.4585365348993748,7.710306915506695,0
2,47,0.1824212327270449,0.8685969520120402,0.5582523078895791,4.761490419877346,0
3,47,0.1317368461095426,0.9240809595672396,0.5018890462409673,7.014597562164518,0
4,47,0.3178316762037156,0.9843093339315974,0.6262642538113079,3.0969516496546423,0
5,47,0.3466235339771943,0.9626992460458158,0.6825840140485724,2.777362618745776,0
6,47,0.3057752254364527,0.9089353512872688,0.6644065940293498,2.9725604812812634,0
7,47,0.2984996109555811,0.9044236206094516,0.582922425924687,3.02989882537581,0
8,47,0.3247415287682598,1.0075220449900535,0.6681786711416627,3.1025352649276825,0
9,47,0.2973302949890224,0.971038306379659,0.6235355757841454,3.2658572730219446,0
10,47,0.3229435365848643,0.8153871657267785,0.639719730769373,2.5248598388111976,0
11,47,0.3219088940237459,0.9178348629658132,0.6340090368096808,2.8512255486116147,0
12,47,0.290799336419529,0.9179771352285292,0.6062849183015423,3.156737379566047,0
13,47,0.2173348517556992,1.102657543635641,0.5105486564711159,5.073542207924899,0
14,47,0.3251488869762915,1.2178758050433824,0.6400530261858891,3.745594261044433,0
15,47,0.3100143629784947,0.8944271909999159,0.6392273498998072,2.885115329517688,0
16,47,0.2546988495405105,0.8244711980607169,0.61809483399554,3.2370432750210862,0
17,47,0.3186486328224747,0.8915198776851205,0.6670261234871785,2.797814852643047,0
18,47,0.333743337588356,0.8652870591125471,0.666646328012429,2.5926721574882943,0
19,47,0.3005012972665911,0.9151626206088525,0.635979313382277,3.045453144240378,0
20,47,0.2742355209999161,0.8693767810368426,0.5927985704125969,3.170182979458407,0
21,47,0.2942209675438654,0.8298514260793786,0.6798835300237884,2.820504034797098,0
22,47,0.3080418846952052,0.8384375273633766,0.7025231508079746,2.7218296245427016,0
23,47,0.2929143502255349,0.840667586921992,0.6647730514547391,2.870011613547455,0
24,47,0.1575994933548123,0.8996427935653121,0.4708778389007881,5.7084117113238255,0
25,47,0.3306289744497248,0.8835365307584889,0.6695688565526319,2.672290086581141,0
26,47,0.3392688294446608,0.8778135069377195,0.6851735609592484,2.587368572511028,0
27,47,0.3423444316147458,0.8896058902434777,0.6877369274598002,2.5985697680182733,0
28,47,0.3128107699746442,0.8926818033764692,0.650048100942342,2.853743825536532,0
29,47,0.3002341926313204,0.9089643094511044,0.6393030203264125,3.027517623774745,0
30,47,0.3062147198837854,0.9340005818640984,0.5835407739592301,3.050149196676666,0
31,47,0.3028873692604833,0.8932217767384184,0.6001158308921374,2.949022862588394,0
32,47,0.3333333333333333,0.9344919668035322,0.6805730204200466,2.8034759004105965,0
33,47,0.2897314593502316,0.8721933055587556,0.610708552774661,3.0103507141226102,0
34,47,0.3306727133448995,0.8899737142032309,0.6997716542156701,2.691403548846702,0
35,47,0.3306049676546423,0.8947154568669734,0.7139839016044924,2.70629767971791,0
36,47,0.3162277660168379,0.8962734471827303,0.6153460265930304,2.834265499428052,0
37,47,0.3124501872954515,0.9040340609449862,0.6432329317947287,2.893370200127727,0
38,47,0.3365989567748045,0.9066954931292284,0.6794627264118711,2.693696682297909,0
39,47,0.2936101097573517,0.890867552640514,0.5819866866384201,3.0341855509565177,0
40,47,0.3072280422364006,0.9059375286233614,0.6195894598443169,2.948746221304486,0
41,47,0.30352303908701,1.006870155550295,0.6256335760622355,3.317277523903741,0
42,47,0.2869878320933247,0.985566253127608,0.6554445246209302,3.4341743548455206,0
43,47,0.3125,0.909177525890794,0.6745399351870585,2.9093680828505413,0
44,47,0.3068287261641389,0.925325032134298,0.7145841437862233,3.0157705365543013,0
45,47,0.28968688185026,0.9176518224652442,0.6402675461553595,3.167736890963468,0
46,47,0.3190050538599785,0.92897656578616,0.6661190503279251,2.912106107867236,0
47,47,0.3192417572047529,0.8771537627732069,0.669792097740123,2.747616008799953,0
48,47,0.3335644777570142,0.83067432135343,0.648478907686691,2.490296109882949,0
49,47,0.3547771684817792,0.9507891459203772,0.7169645943439056,2.679961481143644,0
50,47,0.3573622847234927,0.9882049860102892,0.7626824247074986,2.765274983550399,0
51,47,0.3551634031700588,0.9729069247297412,0.6963059860678074,2.739322002340133,0
52,47,0.3739420843192152,0.9350824847384684,0.6962589739409382,2.5006077784500884,0
53,47,0.3692088158592757,0.8821723383947407,0.742945952442357,2.3893588140402957,0
54,47,0.3276016758045049,0.8820434964675539,0.6949998959831527,2.6924266925725684,0
55,47,0.2933567790166069,0.8280273344431219,0.6178550354171526,2.8225948526529443,0
56,47,0.3,0.833679601154289,0.678754496006767,2.77893200384763,0
57,47,0.2984890910291223,0.8694426401497253,0.6093088240227424,2.912812113675864,0
58,47,0.2933131863602972,0.8580325266674435,0.6119974552833827,2.925311805155128,0
59,47,0.3250355611207052,0.862465933821002,0.6337380623122578,2.653450997322464,0
60,47,0.3083333333333333,0.8419621014620028,0.6604592066066298,2.730687896633522,0
61,47,0.3070863427705329,0.9203710701981715,0.6606848423209862,2.9971084415366183,0
62,47,0.3214285714285714,0.9204669936468411,0.6804031941595607,2.863675091345728,0
63,47,0.3600770213695564,0.8696937922195381,0.6755796564980203,2.415299340434581,0
64,47,0.2982456140350877,0.8898695440464647,0.628477706176221,2.9836802359204992,0
65,47,0.3129603090334485,0.8856861455961765,0.6672725152711164,2.8300270674308297,0
66,47,0.2636363636363636,0.865424332924664,0.5766587555874314,3.282644021438381,0
67,47,0.3021718385438016,0.8799362484378219,0.6422112274273959,2.912039231313973,0
68,47,0.2981997265643899,0.8745771677683082,0.6219390219875828,2.932857041300679,0
69,47,0.2410963408370861,0.8804710999221753,0.542901766433355,3.6519471712643217,0
70,47,0.3135142930508222,0.8904724456548828,0.6898816331107921,2.8402929799137837,0
71,47,0.3190151885008329,0.9006537214056887,0.7027130216694726,2.8232314757118133,0
72,47,0.3245614035087719,0.8868176047938243,0.6655510432183578,2.732356944499891,0
73,47,0.2897029598669813,0.9230513340640866,0.6636144630298622,3.186199183080181,0
74,47,0.313794545570508,0.8963208812241845,0.6691171725053738,2.8563940765591984,0
75,47,0.271887985985179,0.8786044054962768,0.6271470769555868,3.2314940371957834,0
76,47,0.2797493707814706,0.8321692308776841,0.6235518978551041,2.9746956304246432,0
77,47,0.2591562489445573,0.8156473902861856,0.5615757372071032,3.147319015489692,0
78,47,0.2788919235599479,0.8335436117452932,0.6542801469888097,2.9887692734354947,0
79,47,0.2834208074254251,0.7871166277661683,0.6239915001673815,2.7772012750802637,0
80,47,0.2632208039920146,0.7788847025441289,0.550600682588096,2.95905449239399,0
81,47,0.281249465647042,0.6928244457678493,0.5877173958944704,2.463380487404442,0
82,47,0.3518541042162649,0.9373598834773124,0.7279206916081722,2.664058404449277,0
83,47,0.3305392461997212,0.9448170126686614,0.6727739767009512,2.858410986082349,0
84,47,0.3478210642981497,0.92856663776761,0.7075865557120914,2.669667633963794,0
85,47,0.3365989567748045,0.8964500368562806,0.7024759945918121,2.6632585122836083,0
86,47,0.3333333333333333,0.9026082342731926,0.696639894844943,2.707824702819578,0
87,47,0.3072137462906139,0.8720101614455392,0.6357605609089894,2.8384477321553403,0
88,47,0.2947173378214307,0.9950422115799908,0.6103766723750322,3.376259499815674,0
89,47,0.3036256762525133,0.998376622306211,0.6697255834522962,3.288182457520164,0
90,47,0.3245863065022329,1.051952992950557,0.6702838075567893,3.2409037962398464,0
91,47,0.3276016758045049,1.0193947235413734,0.7098947434951273,3.111689587783713,0
92,47,0.2984431660975436,0.8877049544095231,0.6532331452263942,2.9744522751758518,0
93,47,0.1424895194447784,0.9361104910875054,0.4625087411393784,6.569679613877097,0
94,47,0.3237162779743111,0.9887808790499784,0.7068684381572501,3.054467588832355,0
95,47,0.3303660487823354,1.0033824691897155,0.6704759638658662,3.037183974830304,0
96,47,0.3000854759412921,0.9734146438967288,0.6446055229441912,3.243791259284954,0
97,47,0.2856020440625539,0.9318006847019265,0.6104401808978259,3.2625840888514057,0
98,47,0.3017980938601862,0.8737456966766733,0.6192998446608664,2.895133251177699,0
99,47,0.2856397277878109,0.8229801701652774,0.6570560905400088,2.881182448040396,0
100,47,0.3053812380327668,0.8637675732515423,0.6668846202272869,2.8284893296518163,0
101,47,0.3073296700247046,0.832993127835043,0.6619564307903295,2.7104220941898745,0
102,47,0.3036607595915864,0.8558153659373307,0.6803705930177638,2.8183271591903205,0
103,47,0.3070863427705329,0.8613402972522849,0.673344253901864,2.804879857180469,0
104,47,0.2968027642646457,0.8846747586078705,0.673679987276074,2.980682342362033,0
105,47,0.3187760515179546,0.8547677764884049,0.664809484283332,2.681405244898898,0
106,47,0.284962871723449,0.8508516309287286,0.6453801330076654,2.985833297449584,0
107,47,0.3036565776634169,0.8542450332062412,0.6405748407952729,2.813194562684938,0
108,47,0.3074747653789644,0.8394137148125379,0.6896806997988826,2.730024734803702,0
109,47,0.2898269599116363,0.8947056919463665,0.6237092596384621,3.087034043413864,0
110,47,0.2686426272597685,0.8747158554903637,0.6073416271054108,3.256057552789425,0
111,47,0.2720544798985813,0.8698189998335927,0.5741006278023543,3.1972235860914733,0
112,47,0.2847095786275132,0.8788474375101295,0.6108352393174049,3.086820758706996,0
113,47,0.263579838732807,0.8754994475383094,0.6265286629888642,3.321572134452249,0
114,47,0.3267869589592187,0.8787244404865572,0.662555752898996,2.688982581450618,0
115,47,0.2678571428571428,0.8836618903734001,0.5907432764077346,3.2990043907273607,0
116,47,0.3252082032875066,0.9185644690279958,0.6417108657482254,2.824542738289788,0
117,47,0.2950819672131147,0.8923702457144383,0.6359193960825199,3.024143610476708,0
118,47,0.275,0.8735252361864773,0.6090767848275717,3.1764554043144626,0
119,47,0.3116383271529683,0.8425821926561321,0.6443837028621064,2.703718122073441,0
120,47,0.2998445748296804,0.8591492101426415,0.6843608270373933,2.8653151741386704,0
121,47,0.3135142930508222,0.8133714440522721,0.7011305990114771,2.5943679828352217,0
122,47,0.3005560166697961,0.903730393721112,0.6247483396354807,3.006861761526435,0
123,47,0.32146326812001,0.942587365850335,0.6823471556810188,2.932177512419379,0
124,47,0.3517963668952306,0.9195244922397628,0.7467270301659225,2.613797579420736,0
125,47,0.3275862068965517,0.938784615195098,0.6816722196494451,2.8657635621745103,0
126,47,0.3273235352931174,0.8673252450742206,0.6971949832105203,2.649749106178793,0
127,47,0.3333333333333333,0.94645086019784,0.6722545921784451,2.83935258059352,0
128,47,0.3158385884515717,0.9068856883342936,0.6480769704736908,2.871358097122918,0
129,47,0.3278460122345216,0.915286970475496,0.6845750774227851,2.791819745608966,0
130,47,0.3243617962306611,0.9091590723146602,0.6856017329730374,2.802916628529632,0
131,47,0.2949052354100571,0.916762343604283,0.5877636310982609,3.108667576991476,0
132,47,0.3050847457627119,0.8779627730777507,0.659719348304084,2.877766867310405,0
133,47,0.2131840404115211,0.8769966092789953,0.5437896354161614,4.1138004870631,0
134,47,0.3042444302798585,1.0280054143076494,0.6356871585339388,3.378879979370669,0
135,47,0.2957750220837215,0.9950070665578208,0.6290828492199108,3.364067254726385,0
136,47,0.3518541042162649,0.9736144731833996,0.7294521559377988,2.767097105068791,0
137,47,0.3793695202262727,0.9341630213505112,0.7437223797560512,2.462409264701432,0
138,47,0.3326788861159559,0.9013644095395632,0.670481405319071,2.709412731487236,0
139,47,0.3271451198764976,0.9447465176305356,0.6999629300999324,2.887851477005655,0
140,47,0.3453974596827842,0.932325463146196,0.6852407751130106,2.6992829188797485,0
141,47,0.3282466105411184,0.9150376945070204,0.7441619120226217,2.7876531398102484,0
142,47,0.3208589199458931,0.8964569152708098,0.672537964330524,2.7939286070712344,0
143,47,0.2949959061293416,0.8764267576737286,0.6861532482749276,2.9709793914545286,0
144,47,0.3283606134221251,0.8853584121852993,0.7128448249207207,2.6962990565714526,0
145,47,0.3272186460152693,0.9255775423929908,0.6584395947320508,2.8286210265346545,0
146,47,0.2816320403303581,0.9638070284833984,0.5889189888863998,3.422220807521899,0
147,47,0.2844404846389389,0.9272790063570424,0.5952610115454595,3.260010639955509,0
148,47,0.2907169448571439,0.9383137242065764,0.6209336820930416,3.2275852536482064,0
149,47,0.263895442508089,0.9132153437995572,0.5828527836693905,3.4605195721467035,0
150,47,0.2817716118464818,0.9236346642841348,0.5869306927147548,3.277955001326962,0
151,47,0.2452924222232151,0.9134006200754222,0.5682860239283336,3.723721311065334,0
152,47,0.2597417052085735,0.9361140432285971,0.695228633183373,3.604019009873267,0
153,47,0.271887985985179,0.9709842725380982,0.5634799058779715,3.5712658248571074,0
154,47,0.3055551928359313,0.9013412824133544,0.707238376161588,2.949847698701465,0
155,47,0.3280408687225926,0.9276381999545183,0.6442994802649257,2.8278128989439257,0
156,47,0.2936118613724254,0.9340225854042552,0.6898037172065443,3.181147318226068,0
157,47,0.3105253801930763,0.8804710999221753,0.6375534309007511,2.835423949484329,0
158,47,0.3361995511677704,0.9056212647150462,0.6988633984594573,2.6937015875524555,0
159,47,0.3025696555420191,0.8086935541773435,0.6634786242801919,2.6727516767293165,0
160,47,0.3017241379310345,0.931368966354273,0.6174943731081919,3.086822859917019,0
161,47,0.2949052354100571,0.9367556304133492,0.6117802079621505,3.1764632089722578,0
162,47,0.3246051234848328,0.925892160927558,0.7022852620703177,2.852364592978521,0
163,47,0.3268274314705554,0.9208660978458584,0.6840472896915483,2.817591209227556,0
164,47,0.3157408869505305,0.9343655798711048,0.6373352668507698,2.9592796450764984,0
165,47,0.3123008919836092,0.90974581300457,0.6360350887200767,2.9130426340643214,0
166,47,0.3214285714285714,0.9389101802892152,0.657044565260509,2.921053894233113,0
167,47,0.3420816355127523,0.9498167833934172,0.6971694703347826,2.7765792863148584,0
168,47,0.3427773185781547,0.9433449740507658,0.7454720696700993,2.752063578663181,0
169,47,0.3363550448120887,0.9547839682543392,0.7302258862107189,2.838619437944651,0
170,47,0.3242905694424736,0.9462482575897264,0.6966210002562722,2.91790248238342,0
171,47,0.3125620138557982,0.9524005437527644,0.6694331332970312,3.0470770648161944,0
172,47,0.330552269006399,0.9770539069640964,0.6575505653322312,2.9558227202644978,0
173,47,0.3091537262395459,0.9507795279674766,0.6358341437651166,3.0754263891057576,0
174,47,0.3328201177351375,1.032226829712963,0.6767229203149723,3.101455635366437,0
175,47,0.2982456140350877,0.9728438553157172,0.6309654829443601,3.2618882207644635,0
176,47,0.2868485188433028,0.9239671578920032,0.6282493117478358,3.221097886849261,0
177,47,0.3122147501826695,0.9114638643144396,0.6488090938355797,2.9193491460001924,0
178,47,0.3398084578726064,0.9053727477579272,0.719287482234535,2.6643620156663363,0
179,47,0.3237651768483804,0.9375429946363764,0.6487421551775806,2.895749949894793,0
180,47,0.3091674768305852,0.9286546111112643,0.6482951100975823,3.0037267200008237,0
181,47,0.3100868364730211,0.9560808807227532,0.6786090679356861,3.083268195442848,0
182,47,0.307093752533865,0.926361305511078,0.6721310274318407,3.016542335581779,0
183,47,0.305085107923876,0.925892160927558,0.6206968148079883,3.034865147067696,0
184,47,0.3242754795425864,0.913939067164824,0.6396801316322724,2.8184032553247627,0
185,47,0.2960932840790421,0.9118600517713356,0.6340715014067698,3.0796377385172797,0
186,47,0.3142260159878441,0.9168845695260144,0.6532772047645743,2.9179142492182573,0
187,47,0.2729269559233955,0.920811630695354,0.6134649221817638,3.373839082988216,0
188,47,0.3115979845842113,0.9864515332331328,0.6564852855624513,3.165782777925953,0
189,47,0.2999504255139968,0.9859482527175244,0.6501223153956461,3.287037353015912,0
190,47,0.2871484575147087,0.94068159426406,0.6038871659470868,3.2759416589095736,0
191,47,0.2960633021061958,0.9682270900811883,0.6081955394223209,3.270338077003182,0
192,47,0.3146017882433918,0.9544312508424608,0.6612731502708361,3.0337756697812046,0
193,47,0.2779657483665159,0.952452216018274,0.6031026127610927,3.4265092789864307,0
194,47,0.2886247653955776,0.9369310416479472,0.6261005087919316,3.246190743070252,0
195,47,0.2825665601132789,0.9563564286324636,0.5928685295505166,3.38453505697584,0
196,47,0.288343216472073,0.9469705038701772,0.5944191563833606,3.284178193808468,0
197,47,0.2869585612846488,0.9167755402268202,0.6255896568307489,3.194801145233732,0
198,47,0.2844404846389389,0.9032674591157552,0.6541136160728808,3.175593869003347,0
199,47,0.324985551802597,0.9197407513916958,0.6354544586969884,2.8300973575291906,0
200,47,0.2966101694915254,0.9289478792895478,0.6340288885406328,3.131881421604761,0
201,47,0.2918710182226899,0.906080854323272,0.6054271378612546,3.104387889694331,0
202,47,0.3217191084057268,0.9303675188332644,0.6800030711017604,2.89186279125192,0
203,47,0.3540764887290831,0.9212849571895644,0.7110040332255863,2.60193767876656,0
204,47,0.317861780112354,0.9278582070333854,0.6821219655696934,2.9190618850288232,0
205,47,0.2907089159133513,0.8904455200499201,0.6334080512880581,3.063014139942396,0
206,47,0.3101604825580099,0.899594567717088,0.633325173776345,2.900416456338325,0
207,47,0.3033780093555061,0.9340047594968368,0.6137785198442972,3.078683130267185,0
208,47,0.2809323796739111,0.9003136470273454,0.6104275913498701,3.204734349498529,0
209,47,0.2947336950353139,0.9363714013541238,0.6341137318051603,3.1770083201445,0
210,47,0.3481587801292173,0.9261361893760132,0.6760329851132094,2.6600971804654256,0
211,47,0.304047711974875,0.9356115505026178,0.6638776339374762,3.077186617934267,0
212,47,0.3070863427705329,0.9478085150978106,0.673344253901864,3.08645609748282,0
213,47,0.3482270728089238,0.957491770378082,0.7162735592089996,2.749618984688961,0
214,47,0.2983198077372718,0.914671949708464,0.6387941319750431,3.0660785036239004,0
215,47,0.3016793018897837,0.9159468911246228,0.6470608274149113,3.03616086813691,0
216,47,0.3036402204495338,0.8917706168294749,0.6741035818841304,2.9369317922020493,0
217,47,0.3036402204495338,0.940077534974795,0.635499472846939,3.096024411993336,0
218,47,0.3088988801602608,0.9507172409341088,0.6393484764061192,3.077762018563694,0
219,47,0.3019325949857195,0.957491770378082,0.6568484364568691,3.1712103505200164,0
220,47,0.2732874936709685,0.9292386120996796,0.6492394928689731,3.4002236970948267,0
221,47,0.3069703067574602,0.946618653480386,0.6330069068602949,3.083746644682208,0
222,47,0.294858227322501,0.9413691850434514,0.5901301012302367,3.19261630781572,0
223,47,0.2808028082719812,0.9493447144854662,0.6083728307028133,3.380823433809628,0
224,47,0.271887985985179,0.914671949708464,0.600708315206973,3.3641499325325976,0
225,47,0.2914285529148864,0.9464720302860524,0.6324385399309582,3.2476983494560865,0
226,47,0.271887985985179,0.9605238781177454,0.600708315206973,3.5327926485508807,0
227,47,0.2682806781954183,0.9200034896750277,0.6375164310617761,3.4292573578664047,0
228,47,0.2592148160842932,0.9907536094257724,0.5718775977970998,3.822133411940436,0
229,47,0.3056350709778592,0.9933617094605096,0.6138909348523149,3.2501561626495103,0
230,47,0.3238520294614523,1.0408173437535864,0.692847230571337,3.213866979572143,0
231,47,0.3088988801602608,0.9940882541254764,0.5904096094134594,3.2181672319748467,0
232,47,0.2683345386966319,0.963973694152941,0.5509643261457019,3.592432412298479,0
233,47,0.2309983849885944,0.9558952105025325,0.5623402316228051,4.1381034354405966,0
234,47,0.2726247108613722,0.975108192592569,0.5796822013328675,3.576741776310969,0
235,47,0.2591845397493419,0.984313139751229,0.5195954966137322,3.7977309167559175,0
236,47,0.2732874936709685,0.9784481484823386,0.6257774169455348,3.5802887843099263,0
237,47,0.2846937777348747,0.9249104130114733,0.6214043052609365,3.2487904033955024,0
238,47,0.3070175438596491,0.906166004534487,0.6641873958679868,2.9515121290551862,0
239,47,0.2981997265643899,0.912666754921701,0.6271261935857974,3.06058883901971,0
240,47,0.3395205142003611,0.9868952650362364,0.7099213382284894,2.9067323586045237,0
241,47,0.3333473578335982,0.9533518070732296,0.6643160481474957,2.8599350937382497,0
242,47,0.3569153051241248,0.997497389194427,0.6834257760253019,2.7947733674450475,0
243,47,0.3306289744497248,0.9394600993530704,0.7029245525395101,2.841433062291775,0
244,47,0.3488083415773312,0.9220759651928018,0.6858099011669784,2.6435031943993126,0
245,47,0.3033780093555061,0.8985716260723485,0.6050035054402447,2.9618878045289674,0
246,47,0.3158385884515717,0.914671949708464,0.6662270649595124,2.8960107572438467,0
247,47,0.2964398995753747,0.8988104705713734,0.6305161843153296,3.0320158381474425,0
248,47,0.3420816355127523,0.9108371724066312,0.7439079026917633,2.662631015083172,0
249,47,0.3044943780171216,0.9196703305843308,0.678616722935566,3.020319575596952,0
250,47,0.2980282318045168,0.8946003934741653,0.6270068072987999,3.0017303664739825,0
251,47,0.3073296700247046,0.9005317681402039,0.6796481145919114,2.930181677765817,0
252,47,0.3193840323765808,0.899430622415385,0.7135614569855037,2.816141482473614,0
253,47,0.2634622312767866,0.9200034896750277,0.5727203816761214,3.491974865681964,0
254,47,0.2548978686706488,0.9324174418834218,0.5547410145508197,3.658004073341977,0
255,47,0.2866936810637975,0.902057249198794,0.6667729057599443,3.1464148280200863,0
256,47,0.2894291463713196,0.9488947852050164,0.6080917432162448,3.2785045911984385,0
257,47,0.2856687426701271,0.869222589362021,0.624066981783612,3.0427640813532983,0
258,47,0.3190026202218747,0.914671949708464,0.6647134466711498,2.867286635678057,0
259,47,0.2591845397493419,0.9334866363560764,0.6002223811658599,3.601629315000245,0
260,47,0.3275117962767314,0.914671949708464,0.6486292305639729,2.792790855495205,0
261,47,0.2841029698542205,0.940507754594658,0.6020838491242468,3.310446754841222,0
262,47,0.2511765720781083,0.9355248598848662,0.6014669942824769,3.724570536753509,0
263,47,0.2555711103138526,0.8660780609093337,0.6273383967131293,3.3887948440093703,0
264,47,0.2982367785330341,0.8819058586899026,0.6587444252673093,2.9570660702137994,0
265,47,0.28464264891055,0.920654920887356,0.5716111322402226,3.2344236691553383,0
266,47,0.2769898065532136,0.9552901054236675,0.6346456968956063,3.448827656551842,0
267,47,0.29346529514937,0.9149339169569516,0.6945946573879024,3.117690343899991,0
268,47,0.296775185801667,0.8952987166458632,0.6553473789020333,3.016757328371064,0
269,47,0.3022145345844335,0.9001552816648399,0.6715544102939862,2.9785307410929707,0
270,47,0.2505906759503767,0.9370069424332808,0.5874464551016013,3.739193163830373,0
271,47,0.2411184849111934,0.914834999834985,0.5504910949239961,3.794130508790848,0
272,47,0.2650423243622277,0.90941737971552,0.6342641374912563,3.43121568188724,0
273,47,0.2630950194896228,0.9529659682476602,0.5607421438415647,3.6221361016119418,0
274,47,0.2902796842391269,0.9292263117570114,0.5996330576432455,3.201141389528081,0
275,47,0.2627331556100433,0.918918918918919,0.55539063200108,3.497536946889211,0
276,47,0.2817340242145295,0.8995830303696123,0.6061060194389754,3.193022329758137,0
277,47,0.2510233313633813,0.8986325138637429,0.5874747322629154,3.579876456037,0
278,47,0.1369296158936231,0.923114701592797,0.4263405933097022,6.741526992304858,0
279,47,0.2953094785026225,0.9514775011730008,0.6304904927474797,3.221967361147709,0
280,47,0.0812228957279957,0.8960280364130446,0.4292884238188912,11.031717453336295,0
281,47,0.2631074851359376,0.8574744479069325,0.5624354647399963,3.2590271898342538,0
282,47,0.28968688185026,0.8669948399214484,0.6435331315619484,2.992868832664644,0
283,47,0.2672413793103448,0.85146931829632,0.5884694055111621,3.1861432555604234,0
284,47,0.3003524482701226,0.900970331029336,0.6089268939453889,2.999710294417332,0
285,47,0.2933131863602972,0.8743729458136518,0.6150570925319517,2.9810216058257883,0
286,47,0.28968688185026,0.8713852884441562,0.6317875939762561,3.008024674360566,0
287,47,0.3087409053607814,0.8767121312459555,0.5986434486573621,2.8396371067885133,0
288,47,0.2761312029472534,0.8620153939571421,0.6011537607542252,3.121760180510292,0
289,47,0.2918574368704708,0.8406971838097775,0.607564772839834,2.880506293841288,0
290,47,0.3083812045921686,0.8687315091331369,0.652094893646028,2.817070224114425,0
291,47,0.3022167477866064,0.8975467523700635,0.6280478078907085,2.969877609178087,0
292,47,0.3136020554102316,0.8968501980697656,0.7031311820837433,2.8598352038750856,0
293,47,0.2105996929119806,0.9254296827404764,0.5541147168630606,4.394259411989059,0
294,47,0.2786510840681181,0.9714285714285714,0.6172643122679748,3.48618263832449,0
295,47,0.2706963034402974,0.9175815146144484,0.5707279188650758,3.3897083297881925,0
296,47,0.2770388361662249,0.9007283027693956,0.5756712268745504,3.2512708876272978,0
297,47,0.3002313031443329,0.881315108938638,0.6454667168056327,2.9354537641764678,0
298,47,0.2796208559642468,0.8473000087025374,0.6673799000133686,3.030174576144191,0
299,47,0.3364490129155081,0.9075176983784008,0.6772845788466496,2.697340944811463,0
